{"0.01": [22.0, 22.0, 22.0, 22.0, 22.0, 22.0, 22.0, 22.0, 22.0, 22.0, 22.0, 22.0, 22.0, 22.0, 22.0, 22.0, 22.0, 22.0, 22.0, 22.0, 22.0, 22.0, 22.0, 22.0, 22.0, 22.0, 22.0, 22.0, 22.0, 22.0, 22.0, 22.0, 22.0, 22.0, 22.0, 22.0, 22.0, 22.0, 22.0, 22.0, 22.0, 22.0, 22.0, 22.0, 22.0, 22.0, 22.0, 22.0, 22.0, 22.0, 22.0, 22.0, 22.0, 22.0, 22.0, 22.0, 22.0, 22.0, 22.0, 22.0, 22.0, 22.0, 22.0, 22.0, 22.0, 22.0, 22.0, 22.0, 22.0, 22.0, 22.0, 22.0, 22.0, 22.0, 22.0, 22.0, 22.0, 22.0, 22.0, 22.0, 22.0, 22.0, 22.0, 22.0, 22.0, 22.0, 22.0, 22.0, 22.0, 22.0, 22.0, 22.0, 22.0, 22.0, 22.0, 22.0, 22.0, 22.0, 22.0, 22.0, 22.0, 22.0, 22.0, 22.0, 22.0, 22.0, 22.0, 22.0, 22.0, 22.0, 22.0, 22.0, 22.0, 22.0, 22.0, 22.0, 22.0, 22.0, 22.0, 22.0, 22.0, 22.0, 22.0, 22.0, 22.0, 22.0, 22.0, 22.0, 22.0, 22.0, 22.0, 22.0, 22.0, 22.0, 22.0, 22.000000000000448, 22.00000000017974, 22.000000059155745, 22.00001515959353, 22.002838656521547, 22.34578281675506, 42.65421718324493, 42.99716134347844, 42.99998484040646, 42.99999994084427, 42.99999999982026, 42.99999999999957, 43.0, 43.0, 43.0, 43.0, 43.0, 43.0, 42.99999999999957, 42.99999999982026, 42.99999994084427, 42.99998484040646, 42.99716134347844, 42.65421718324493, 22.34578281675506, 22.002838656521547, 22.00001515959353, 22.000000059155745, 22.00000000017974, 22.000000000000448, 22.0, 22.0, 22.0, 22.0, 22.0, 22.0, 22.0, 22.0, 22.0, 22.0, 22.0, 22.0, 22.0, 22.0, 22.0, 22.0, 22.0, 22.0, 22.0, 22.0, 22.0, 22.0, 22.0, 22.0, 22.0, 22.0, 22.0, 22.0, 22.0, 22.0, 22.0, 22.0, 22.0, 22.0, 22.0, 22.0, 22.0, 22.0, 22.0, 22.0, 22.0, 22.0, 22.0, 22.0, 22.0, 22.0, 22.0, 22.0, 22.0, 22.0, 22.0, 22.0, 22.0, 22.0, 22.0, 22.0, 22.0, 22.0, 22.0, 22.0, 22.0, 22.0, 22.0, 22.0, 22.0, 22.0, 22.0, 22.0, 22.0, 22.0, 22.0, 22.0, 22.0, 22.0, 22.0, 22.0, 22.0, 22.0, 22.0, 22.0, 22.0, 22.0, 22.0, 22.0, 22.0, 22.0, 22.0, 22.0, 22.0, 22.0, 22.0, 22.0, 22.0, 22.0, 22.0, 22.0, 22.0, 22.0, 22.0, 22.0, 22.0, 22.0, 22.0, 22.0, 22.0, 22.0, 22.0, 22.0, 22.0, 22.0, 22.0, 22.0, 22.0, 22.0, 22.0, 22.0, 22.0, 22.0, 22.0, 22.0, 22.0, 22.0, 22.0, 22.0, 22.0, 22.0, 22.0, 22.0, 22.0, 22.0, 22.0, 22.0, 22.0, 22.0, 22.0, 22.0], "60": [22.0, 22.0, 22.0, 22.0, 22.0, 22.0, 22.0, 22.0, 22.0, 22.0, 22.0, 22.0, 22.0, 22.0, 22.0, 22.0, 22.0, 22.0, 22.0, 22.0, 22.0, 22.0, 22.0, 22.0, 22.0, 22.0, 22.0, 22.0, 22.0, 22.0, 22.0, 22.0, 22.0, 22.0, 22.0, 22.0, 22.0, 22.000000000001187, 22.00000000000658, 22.000000000016183, 22.00000000003, 22.00000000004875, 22.000000000080135, 22.0000000001256, 22.000000000196557, 22.00000000030602, 22.000000000479254, 22.000000000750813, 22.00000000117527, 22.00000000183624, 22.00000000286129, 22.000000004443745, 22.000000006875702, 22.000000010596246, 22.000000016262316, 22.000000024851964, 22.000000037814406, 22.00000005728653, 22.00000008640395, 22.00000012974521, 22.000000193963277, 22.00000028867765, 22.000000427728775, 22.000000630931535, 22.000000926513486, 22.000001354486006, 22.000001971280067, 22.000002856084752, 22.000004119464986, 22.00000591501208, 22.000008455002934, 22.000012031326037, 22.000017043281236, 22.00002403429353, 22.00003374010855, 22.000047151678906, 22.000065596716507, 22.000090844796926, 22.000125241965716, 22.00017188202989, 22.000234823122987, 22.000319359707024, 22.00043236191609, 22.000582696024896, 22.000781741805863, 22.001044024566824, 22.00138798165482, 22.001836885063906, 22.00241994337325, 22.003173607384785, 22.004143104350003, 22.00538422533549, 22.006965388828604, 22.008970000852166, 22.01149912735559, 22.01467448818677, 22.0186417732585, 22.023574270362925, 22.02967678028094, 22.037189778284347, 22.046393761853913, 22.057613702597827, 22.071223496255033, 22.087650278863794, 22.10737845034354, 22.13095321986375, 22.15898346160964, 22.192143646280726, 22.23117459444169, 22.276882784376166, 22.3301379411551, 22.39186863699352, 22.463055647305318, 22.544722833660376, 22.637925365248883, 22.743735145195554, 22.863223377310323, 22.997440292135273, 23.147392147239714, 23.31401572362065, 23.498150654975834, 23.70051004593236, 23.921649954720454, 24.161938430360284, 24.421524898836655, 24.700310781395984, 24.997922295471533, 25.31368642959173, 25.646611093310074, 25.995370417965624, 26.358296121365395, 26.733375748085823, 27.118258457454292, 27.510268855522153, 27.9064291593843, 28.303489747653195, 28.6979678969563, 29.086194239544543, 29.46436621106992, 29.828607500556718, 30.175032277015926, 30.499812759238367, 30.79924852650377, 31.069835846496165, 31.308335229208737, 31.51183540662982, 31.677811989798887, 31.804179167225552, 31.88933297895315, 31.93218492354878, 31.93218492354878, 31.88933297895315, 31.804179167225552, 31.677811989798887, 31.51183540662982, 31.308335229208737, 31.069835846496165, 30.79924852650377, 30.499812759238367, 30.175032277015926, 29.828607500556718, 29.46436621106992, 29.086194239544543, 28.6979678969563, 28.303489747653195, 27.9064291593843, 27.510268855522153, 27.118258457454292, 26.733375748085823, 26.358296121365395, 25.995370417965624, 25.646611093310074, 25.31368642959173, 24.997922295471533, 24.700310781395984, 24.421524898836655, 24.161938430360284, 23.921649954720454, 23.70051004593236, 23.498150654975834, 23.31401572362065, 23.147392147239714, 22.997440292135273, 22.863223377310323, 22.743735145195554, 22.637925365248883, 22.544722833660376, 22.463055647305318, 22.39186863699352, 22.3301379411551, 22.276882784376166, 22.23117459444169, 22.192143646280726, 22.15898346160964, 22.13095321986375, 22.10737845034354, 22.087650278863794, 22.071223496255033, 22.057613702597827, 22.046393761853913, 22.037189778284347, 22.02967678028094, 22.023574270362925, 22.0186417732585, 22.01467448818677, 22.01149912735559, 22.008970000852166, 22.006965388828604, 22.00538422533549, 22.004143104350003, 22.003173607384785, 22.00241994337325, 22.001836885063906, 22.00138798165482, 22.001044024566824, 22.000781741805863, 22.000582696024896, 22.00043236191609, 22.000319359707024, 22.000234823122987, 22.00017188202989, 22.000125241965716, 22.000090844796926, 22.000065596716507, 22.000047151678906, 22.00003374010855, 22.00002403429353, 22.000017043281236, 22.000012031326037, 22.000008455002934, 22.00000591501208, 22.000004119464986, 22.000002856084752, 22.000001971280067, 22.000001354486006, 22.000000926513486, 22.000000630931535, 22.000000427728775, 22.00000028867765, 22.000000193963277, 22.00000012974521, 22.00000008640395, 22.00000005728653, 22.000000037814406, 22.000000024851964, 22.000000016262316, 22.000000010596246, 22.000000006875702, 22.000000004443745, 22.00000000286129, 22.00000000183624, 22.00000000117527, 22.000000000750813, 22.000000000479254, 22.00000000030602, 22.000000000196557, 22.0000000001256, 22.000000000080135, 22.00000000004875, 22.00000000003, 22.000000000016183, 22.00000000000658, 22.000000000001187, 22.0, 22.0, 22.0, 22.0, 22.0, 22.0, 22.0, 22.0, 22.0, 22.0, 22.0, 22.0, 22.0, 22.0, 22.0, 22.0, 22.0, 22.0, 22.0, 22.0, 22.0, 22.0, 22.0, 22.0, 22.0, 22.0, 22.0, 22.0, 22.0, 22.0, 22.0, 22.0, 22.0, 22.0, 22.0, 22.0, 22.0, 22.0],