{"0.01": [22.0, 22.0, 22.0, 22.0, 22.0, 22.0, 22.0, 22.0, 22.0, 22.0, 22.0, 22.0, 22.0, 22.0, 22.0, 22.0, 22.0, 22.0, 22.0, 22.0, 22.0, 22.0, 22.0, 22.0, 22.0, 22.0, 22.0, 22.0, 22.0, 22.0, 22.0, 22.0, 22.0, 22.0, 22.0, 22.0, 22.0, 22.0, 22.0, 22.0, 22.0, 22.0, 22.0, 22.0, 22.0, 22.0, 22.0, 22.0, 22.0, 22.0, 22.0, 22.0, 22.0, 22.0, 22.0, 22.0, 22.0, 22.0, 22.0, 22.0, 22.0, 22.0, 22.0, 22.0, 22.0, 22.0, 22.0, 22.0, 22.0, 22.0, 22.0, 22.0, 22.0, 22.0, 22.0, 22.0, 22.0, 22.0, 22.0, 22.0, 22.0, 22.0, 22.0, 22.0, 22.0, 22.0, 22.0, 22.0, 22.0, 22.0, 22.0, 22.0, 22.0, 22.0, 22.0, 22.0, 22.0, 22.0, 22.0, 22.0, 22.0, 22.0, 22.0, 22.0, 22.0, 22.0, 22.0, 22.0, 22.0, 22.0, 22.0, 22.0, 22.0, 22.0, 22.0, 22.0, 22.0, 22.0, 22.0, 22.0, 22.0, 22.0, 22.0, 22.0, 22.0, 22.0, 22.0, 22.0, 22.0, 22.000000000000377, 22.000000000154053, 22.00000005070491, 22.0000129939373, 22.002433134161326, 22.296385271504338, 39.703614728495644, 39.99756686583867, 39.9999870060627, 39.99999994929509, 39.999999999845926, 39.99999999999963, 40.0, 40.0, 40.0, 40.0, 40.0, 40.0, 40.0, 40.0, 40.0, 40.0, 40.0, 40.0, 40.0, 40.0, 40.0, 40.0, 40.0, 40.0, 39.99999999999963, 39.999999999845926, 39.99999994929509, 39.9999870060627, 39.99756686583867, 39.703614728495644, 22.296385271504338, 22.002433134161326, 22.0000129939373, 22.00000005070491, 22.000000000154053, 22.000000000000377, 22.0, 22.0, 22.0, 22.0, 22.0, 22.0, 22.0, 22.0, 22.0, 22.0, 22.0, 22.0, 22.0, 22.0, 22.0, 22.0, 22.0, 22.0, 22.0, 22.0, 22.0, 22.0, 22.0, 22.0, 22.0, 22.0, 22.0, 22.0, 22.0, 22.0, 22.0, 22.0, 22.0, 22.0, 22.0, 22.0, 22.0, 22.0, 22.0, 22.0, 22.0, 22.0, 22.0, 22.0, 22.0, 22.0, 22.0, 22.0, 22.0, 22.0, 22.0, 22.0, 22.0, 22.0, 22.0, 22.0, 22.0, 22.0, 22.0, 22.0, 22.0, 22.0, 22.0, 22.0, 22.0, 22.0, 22.0, 22.0, 22.0, 22.0, 22.0, 22.0, 22.0, 22.0, 22.0, 22.0, 22.0, 22.0, 22.0, 22.0, 22.0, 22.0, 22.0, 22.0, 22.0, 22.0, 22.0, 22.0, 22.0, 22.0, 22.0, 22.0, 22.0, 22.0, 22.0, 22.0, 22.0, 22.0, 22.0, 22.0, 22.0, 22.0, 22.0, 22.0, 22.0, 22.0, 22.0, 22.0, 22.0, 22.0, 22.0, 22.0, 22.0, 22.0, 22.0, 22.0, 22.0, 22.0, 22.0, 22.0, 22.0, 22.0, 22.0, 22.0, 22.0, 22.0, 22.0, 22.0, 22.0, 22.0], "60": [22.0, 22.0, 22.0, 22.0, 22.0, 22.0, 22.0, 22.0, 22.0, 22.0, 22.0, 22.0, 22.0, 22.0, 22.0, 22.0, 22.0, 22.0, 22.0, 22.0, 22.0, 22.0, 22.0, 22.0, 22.0, 22.0, 22.0, 22.0, 22.0, 22.0, 22.0, 22.0, 22.00000000000415, 22.000000000012506, 22.000000000025075, 22.000000000041855, 22.000000000068763, 22.000000000108304, 22.0000000001689, 22.00000000026358, 22.000000000413, 22.000000000645688, 22.000000001009745, 22.00000000157644, 22.00000000245516, 22.00000000381173, 22.000000005896734, 22.000000009086484, 22.000000013944295, 22.000000021308846, 22.000000032422818, 22.00000004911864, 22.000000074085246, 22.000000111249214, 22.000000166316315, 22.00000024753699, 22.000000366782498, 22.000000541049655, 22.000000794553014, 22.000001161618357, 22.00000169066159, 22.000002449630376, 22.000003533403362, 22.00000507379519, 22.00000725300666, 22.000010321602215, 22.000014622398886, 22.000020622023055, 22.000028952348387, 22.00004046458274, 22.000056299434146, 22.000077977577867, 22.000107515569066, 22.0001475734213, 22.000201641296773, 22.000274274136736, 22.000371384591926, 22.000500606275658, 22.000671741131494, 22.000897306532746, 22.001193199556052, 22.001579497607967, 22.00208141612665, 22.002730445296578, 22.00356568844783, 22.004635424875616, 22.005998919008196, 22.007728495945894, 22.00991190015851, 22.012654949323828, 22.016084488695743, 22.02035164280474, 22.025635350569473, 22.03214615694313, 22.040130219037273, 22.04987346736741, 22.06170584368209, 22.076005516166028, 22.093202951187678, 22.1137846989109, 22.138296728893792, 22.167347132284128, 22.201607990571514, 22.24181619831665, 22.288773020179857, 22.343342162192773, 22.40644614477904, 22.479060781583836, 22.562207594504915, 22.65694403191585, 22.764351403989412, 22.885520505862353, 23.021534965209348, 23.17345242414186, 23.34228374421935, 23.528970505249845, 23.734361150524254, 23.959186209918517, 24.204033104449554, 24.469321097892614, 24.75527700961177, 25.061912334798954, 25.38900243134817, 25.73606842477731, 26.102362452932148, 26.486856820574005, 26.88823756124769, 27.304902811909333, 27.734966297453454, 28.176266101110926, 28.626378766935698, 29.082638646940097, 29.54216227275843, 30.00187740483387, 30.458556295548565, 30.90885260041479, 31.34934128662029, 31.776560823181033, 32.18705689300661, 32.57742684460053, 32.944364099196214, 33.284701746283886, 33.59545459440134, 33.87385899194141, 34.11740979145337, 34.323893897356044, 34.491419908172475, 34.61844343777305, 34.70378777361603, 34.74665960220845, 34.74665960220845, 34.70378777361603, 34.61844343777305, 34.491419908172475, 34.323893897356044, 34.11740979145337, 33.87385899194141, 33.59545459440134, 33.284701746283886, 32.944364099196214, 32.57742684460053, 32.18705689300661, 31.776560823181033, 31.34934128662029, 30.90885260041479, 30.458556295548565, 30.00187740483387, 29.54216227275843, 29.082638646940097, 28.626378766935698, 28.176266101110926, 27.734966297453454, 27.304902811909333, 26.88823756124769, 26.486856820574005, 26.102362452932148, 25.73606842477731, 25.38900243134817, 25.061912334798954, 24.75527700961177, 24.469321097892614, 24.204033104449554, 23.959186209918517, 23.734361150524254, 23.528970505249845, 23.34228374421935, 23.17345242414186, 23.021534965209348, 22.885520505862353, 22.764351403989412, 22.65694403191585, 22.562207594504915, 22.479060781583836, 22.40644614477904, 22.343342162192773, 22.288773020179857, 22.24181619831665, 22.201607990571514, 22.167347132284128, 22.138296728893792, 22.1137846989109, 22.093202951187678, 22.076005516166028, 22.06170584368209, 22.04987346736741, 22.040130219037273, 22.03214615694313, 22.025635350569473, 22.02035164280474, 22.016084488695743, 22.012654949323828, 22.00991190015851, 22.007728495945894, 22.005998919008196, 22.004635424875616, 22.00356568844783, 22.002730445296578, 22.00208141612665, 22.001579497607967, 22.001193199556052, 22.000897306532746, 22.000671741131494, 22.000500606275658, 22.000371384591926, 22.000274274136736, 22.000201641296773, 22.0001475734213, 22.000107515569066, 22.000077977577867, 22.000056299434146, 22.00004046458274, 22.000028952348387, 22.000020622023055, 22.000014622398886, 22.000010321602215, 22.00000725300666, 22.00000507379519, 22.000003533403362, 22.000002449630376, 22.00000169066159, 22.000001161618357, 22.000000794553014, 22.000000541049655, 22.000000366782498, 22.00000024753699, 22.000000166316315, 22.000000111249214, 22.000000074085246, 22.00000004911864, 22.000000032422818, 22.000000021308846, 22.000000013944295, 22.000000009086484, 22.000000005896734, 22.00000000381173, 22.00000000245516, 22.00000000157644, 22.000000001009745, 22.000000000645688, 22.000000000413, 22.00000000026358, 22.0000000001689, 22.000000000108304, 22.000000000068763, 22.000000000041855, 22.000000000025075, 22.000000000012506, 22.00000000000415, 22.0, 22.0, 22.0, 22.0, 22.0, 22.0, 22.0, 22.0, 22.0, 22.0, 22.0, 22.0, 22.0, 22.0, 22.0, 22.0, 22.0, 22.0, 22.0, 22.0, 22.0, 22.0, 22.0, 22.0, 22.0, 22.0, 22.0, 22.0, 22.0, 22.0, 22.0, 22.0, 22.0],